<?xml version="1.0" encoding="UTF-8"?>
<project-private xmlns="http://www.netbeans.org/ns/project-private/1">
    <editor-bookmarks xmlns="http://www.netbeans.org/ns/editor-bookmarks/2" lastBookmarkId="0"/>
    <open-files xmlns="http://www.netbeans.org/ns/projectui-open-files/2">
        <group>
            <file>file:/Users/ninhthelam/NetBeansProjects/OnlineCarRentalSystem/web/carsearch.jsp</file>
            <file>file:/Users/ninhthelam/NetBeansProjects/OnlineCarRentalSystem/web/home.jsp</file>
            <file>file:/Users/ninhthelam/NetBeansProjects/OnlineCarRentalSystem/web/booking.jsp</file>
            <file>file:/Users/ninhthelam/NetBeansProjects/OnlineCarRentalSystem/web/caredit.jsp</file>
            <file>file:/Users/ninhthelam/NetBeansProjects/OnlineCarRentalSystem/src/java/Controller/ReservationCar.java</file>
        </group>
    </open-files>
</project-private>
